rating,date,content
2,2026.01.21,sur côté à mort pire filme que j’ai vue
8,2026.01.21,Does anybody know where to find a new brain? mine just explode.
6,2026.01.21,Apparently i’ll need to watch it more than once to get it but for a first time watch it was interesting
10,2026.01.21,I had to take a break in the middle of the movie and finish watching it the next day because it was too much for me😭
10,2026.01.22,"This is not just a movie for me but a dimension that takes me away from this world, that shows me elements of hope and love which I have never witnessed in my life. The greatest cosmic Creation of cinema by Nolan."
10,2026.01.17,"I love how vast space feels in this film. Also, I learned a fun fact the other day about the black hole scene. Despite being entirely a computer generated rendering, they added lens flare and other details so that the shot would match the iMax cameras that the rest of the movie was shot in. I thought that was pretty neat."
10,2026-01-21T21:10:02.282Z,"This movie is an absolute must watch, it has stunning visual effects, with perfect music and sound effects. The movie creates an atmosphere that is very intriguing and it is hard to look away.  The acting is also on point, with Mathew McConaughey and Matt Damon delivering an incredible performance.   Absolute 10/10 Cinema"
7,2026.01.21,"Sem duvidas o filme mais superestimado que eu ja vi. Não que o filme seja ruim, ele é até interessante. Mas o fato é que a maior parte dele da sono, só algumas partes se salvam."
9,2026.01.21,If I give anything 5 stars on here just punch me in the fucking face
10,2026.01.21,Ghost of The Goon🌚
10,2026.01.21,"Видимо самое великое, что снято было"
10,2026.01.21,Re-rating this a 10 after rewatching because it’s so fucking good - I’m entirely ready to die on this hill now
10,2026.01.21,"It was more than a movie, it felt like a journey through time and space. Every detail was perfect, the stunning performances, and Hans Zimmer’s music, which isn’t just heard but felt, like the very heartbeat of the universe. What impressed me the most was the cinematography scenes that touch the depths of space and make you feel your own smallness in the face of the universe’s vastness."
8,2026.01.21,"C'était très bien en vrai, surtout très beau en fait et comme ça tournait énormément autour de la physique je l'ai trouvé très intéressant."
10,2026-01-21T21:00:50.290Z,Had the opportunity to see it in theatres recently and holy it made a masterpiece even better
10,2026.01.21,I have no words to describe the impact that this masterpiece had on me.
10,2026.01.21,"O melhor filme de ficção científica já criado, com até os mínimos detalhes pensado, beira a perfeição, é fantástico como criaram o buraco negro garganta com simulações científicas realistas baseadas na relatividade geral, estudaram equações complexas sobre a curvatura do espaço-tempo e a distorção da luz, é incrível!"
10,2026.01.21,What do you think the age difference between coop and brand will be when he gets to Edmonds world?
10,2026.01.21,I'm speechless
7,2026-01-21T20:56:35.851Z,I watched this as extra credit for my college astronomy class and it freaked me out so bad I had to listen to 2000's pop on the way home and I couldn't look at the sky for like a week after.
10,2026.01.21,"“Cooper, they didn’t bring us here to change the past.” “Say that again?” “They didn’t bring us here to change the past.”  I’ve been putting this movie off for a while, I thought it was going to be just another overrated movie. Turns out, it wasn’t.  The first 30 or so minutes weren’t entertaining — like at all. Though I’m glad I pushed through and managed to finish this because it’s amazing.  The little easter eggs, such as the ticks… more"
10,2026.01.21,"Interstellar bukan hanya tentang luar angkasa. Tapi ia memperlihatkan bagaimana waktu bisa menjadi sesuatu yang kejam, diam, tapi pasti.  Tidak ada banyak kata yang dilebihkan. Justru yang terasa adalah jeda, penundaan, dan tahun-tahun yang berlalu tanpa bisa ditunggu. Film ini berjalan pelan, tenang, dan seolah membiarkan kita sendiri dengan pikiran kita.  Interstellar tidak sibuk membuat kita terkesima. Ia membuat kita sadar: bahwa kehilangan tidak selalu datang dari perpisahan, tapi dari waktu yang terus berjalan saat kita tidak ada di sana.  Ini film yang selesai di layar, tapi tertinggal lama di dada. Bukan karena apa yang ditampilkan, melainkan karena apa yang tidak sempat diucapkan."
7,2026.01.21,I miss my dad
10,2026.01.21,À la fois incroyable et dur à comprendre😮‍💨
7,2025.03.18,jao pa meni ovo bilo malo dosadno 🫢
10,2026.01.21,Just genius
9,2026.01.21,"Christopher Nolan, en verdad se lució con esta entrega. De principio a fin me mantuvo entretenido y fascinado con la calidad de imagen y sonido."
2,2026.01.21,"Um dos filmes mais li do que já vi na vida, apenas Christopher Nolan fazendo um seu trabalho maravilhosamente bem mais uma vez."
10,2026.01.21,tel père telle fille
9,2026.01.21,didnt know a dad could bend space time to guide his daughter and save humanity (as well as heal the wound of his absence) while also having a secondary character son
8,2026-01-21T20:42:31.931Z,حتى لو لم تفهم المادة العلمية في الفلم سيعجبك 3 ساعات من المتعة عيبه الوحيد أنه ينتهي
9,2026.01.21,od tego krecenia mnie glowa rozbolala nie polecam dla ludzi o slabej glowie i migrenach.
10,2026.01.21,"no no no no NO because how did it take me THIS LONG to watch this actual masterpiece of a movie. Talk about mind boggling cinematography, and the actual world class acting AND JUST EVERYTHING ELSE LIKE UGH THE URGE TO JUST BE HYPER INTELLIGENT IN EVERYTHING SPACE EXPLORATIONNNNNN. Deep down I am film bro. Big boy Chris Nolan needs to chill with these bangers"
7,2025.12.16,With dad
10,2023.10.24,Masterclass.
10,2026-01-21T20:33:53.925Z,I love space and I love mind muddlers and this just so happened to be both. Finger licking good.
8,2026.01.21,Christopher 1 Decibels 0
9,2026.01.21,Me encantó ¿y que?
10,2025.10.31,papa out in space
8,2026.01.21,"Christopher Nolan films have always frustrated and made me cringe, but I could never explain why until now, I think.  I love metaphysical art work and story telling. I love stuff like Slaughterhouse Five by Kurt Vonnegut and The Crying of Lot 49 by Thomas Pynchon and obviously David Lynch movies, but Nolan’s stuff is different in that it feels like it’s capitulating to be a mainstream movie. I don’t necessarily think that’s a bad thing cause I also love… more"
8,2026.01.21,Literalmente atack on titan
10,2025.12.31,والله ما عندي اي فكرة ليش ما قيمت الفلم هذا من زمان بس من افضل الافلام بالنسبة لي واقدر اقول المفضل بالنسبة لي ما اقدر اوصف الشعور الي احس فيه يوم اتابعه بس اقدر اقول انه الكومفرت موفي حقي دايم ابكي كل مرة أشوفه و التجربة المفضله لي يوم تابعته بالسينما كانت اعظم تجربة بحياتي و بكيت زي الكلب
10,2026.01.14,"mai visto questo film senza piangere, impossibile"
10,2026.01.21,dünyanin en iyi filmi
10,2026.01.21,WORK OF ART
10,2026.01.21,filme incrível pelos detalhes visuais e pela mensagem que ele passa
9,2026.01.21,One of the best sci-fi movies to come out to date.
10,2026.01.21,Easy 10/10  2nd favorite movie of all time and idgaf if its basic. Literally can’t think of any major problems in this.
10,2026.01.19,An amazing trip of a movie. Excellent production with some of the best visual and score to a movie I have ever seen.
10,2026.01.21,"No hay película como ésta, gran trabajo por parte del soundtrack"
7,2018.01.21,"Dreaming of the crash is good soundtrack. The quality of the film is impressive. Matthew McConaughey is one of my favourite actors so yeah his performance was brilliant as always (without him I couldn’t rate it as 6,5/10.. it would be lower). There’s nothing more to say sorry guys😇"
9,2026.01.21,"Good cinematic,  Characters act stupid. Eg. Brother not moving out to save his children (stupid)  Good father daughter bond, good acting, good woman saving the world, good character casting. Man dying from wave could’ve been prevented. Talks too quiet."
10,2026.01.21,"How can one speak of a work like this? A perfect film, without flaws, and truly absolute cinema."
8,2026.01.21,film long avec des moment lent mais dans le tout c'est un film très beau avec une très belle fin.
6,2026.01.21,"WAY TOO OVERRATED. Yeah, it was good, but people make such a big deal out of an average movie just because it plays with a “scientific” concept—WOW."
9,2025.08.08,Anıldığı kadar güzel bir film şimdiye kadar izlediğim konusu uzay olsun olmasın en iyilerden. 5 yıldız vermemi engelleyen tek detay sayısı az da olsa bazı sahneler çok yavaş geçiyor bence
7,2026.01.21,I didn’t understand most of what was happening but it made me feel something!
10,2026.01.21,Very sad and hard to understand but very good!!
10,2026.01.21,"peliculon , con un buen final"
10,2026.01.21,I’m so regretful about watching this movie this late! Everything is just Wow and all.I can’t say more!
9,2026.01.16,Achei muito bom! Daddy issues sempre presente🥰
8,2026.01.21,surreal
6,2026.01.21,"no se, me quede dormida al final de la peli"
10,2026.01.21,"Well fuck. We only have so much time. Goddamn, I was not expecting to be so emotional. Incredible performances, beautiful visuals, wow the sound design, crazy script….what a long fucking movie that was very much worth viewing. I wish I had more to say."
6,2026.01.21,me mal tripio pero muy mid para ser reales
9,2026.01.18,WHAT THE HELL. had my hands on my head like flight for the last 40 mins omg
9,2025.02.22,I watched it on Netflix at Lolo Kerry's house today and that was a great movie.
10,2026.01.21,bawled my eyes out
10,2021.01.07,absolute cinema
10,2026-01-21T19:54:41.810Z,This movie is the type of movie that makes you get goosebumps from just the first scene. I genuinely got goosebumps from the music in this movie. That soundtrack will forever be the best. The cinematography in this movie is so beyond beautiful.
평점 없음,2026.01.15,I wish I understood science
3,2026.01.21,Overhyped. Dont care if i didnt understand or if something went over my head. DEAD movie
10,2026.01.21,really cool!
10,2026.01.21,...
10,2026.01.21,“O amor é a única coisa que transcende o tempo e o espaço”.
9,2026.01.21,"Pierwsza godzina sie dłuży i troche sie nudzi. Wszystko potem to jest istna sztuka, przepiekny wizualnie, wszystkie wątki się łącza, niespodziewane plotwisty.  Żałuję ze nie obejrzałem tego w kinach"
10,2026.01.21,alexa play NASA by ariana grande
9,2026.01.21,"this highkey a great movie, i like time stuff. would be better if mcconaahey was like a frog character and instead of planet travelling they did a show where we sang with other puppets his size"
10,2026.01.21,ABSOLUTE CINEMA!
2,2026.01.21,je peux tout vous expliquer
10,2014.12.16,"i have never seen my brother cry until this movie, which says a lot. so happy i saw this in theatres, it literally left me speechless. even the soundtrack is perfect. it’s truly a masterpiece, and idk if i’ll ever see a movie that will top this"
10,2026.01.21,"lindo, amei tudo sobre esse filme, simplesmente incrível"
10,2026.01.21,Film so complicated I can’t even explain why it’s so extraordinary I just know for sure that Christopher Nolan could never disappoint me and i’ll be thinking about this freaking movie for a long time
10,2026.01.21,Love this film
7,2026.01.21,"Interstellar (2014)  This is a tough one to rate. In many ways, the movie is close to flawless. Performances and casting feel spot on. The effects are beyond superb. The spectacle of it blows you away, particularly in the correct viewing environment. There are twists, stakes, consequences—albeit perhaps a small plot hole or two, an incongruity in the advancement of technology on Earth, and a world I would’ve like to have learned a touch more about given the scope and… more"
10,2026.01.22,This movie be about the amount of love you can accept based on the Ls that you’ve taken coz at the end of the day everyones on a frontier and some people can’t even admit they’ve taken an L like the unc scientist who started the project who just took all the love from the people coz he hid all the Ls in his equations but some people like princess diaries girly took too many Ls so she thinks her… more
10,2016.10.23,"Interstellar – A Film That Grows With You  Interstellar isn’t just a movie. It’s a lifetime companion.  It’s a rare masterpiece I can re-watch anytime, in any mood. I’ve seen it in a theatre, in IMAX, on my TV, PC, and even on my mobile, dozens of times. And here’s the insane part: every single rewatch still excites me. I want to go back to it. That alone separates this film from 99% of cinema.  Each time I return to… more"
10,2026.01.21,"Het is het feit dat iedereen dit 5 sterren geeft en niks erbij schrijft. Dat is wat deze film met je doet. Na het kijken ervan laat het je nog uren, misschien wel dagen, lang erover na denken. Dit is een van de mooiste films die ik ooit heb gezien, echt de kippenvel was insane. Daarnaast hou ik van alles dat met de ruimte te maken heeft; het is zo gaaf, mooi en vooral interessant dat er nog zoveel is… more"
10,2026.01.21,The most perfect movie in history ✨
9,2026.01.21,"É um filme ótimo mas não diria que seria melhor filme de todos os tempo 4,5/5😥"
10,2026.01.21,"Such a great film, long but it’s honestly one of the only films I accept being that long!"
8,2026.01.21,recommended by my ex
7,2026.01.21,"Eh wasnt that crazy, pretty alright"
10,2026.01.21,Vrf va de tiotusen olika känslor när man såg denna?! Spoiler 🚨🚨Missa typ att de försvann lite personer (dog) men lowkey väldigt bra. Soundtrack va fire 🔥
8,2026.01.16,A great film that’s a definition of perfect sci-fi this would have been a 5/5 If the pace was a bit faster and if I was into science a bit more…  Cooper They didn’t bring us here to change the past. Say that again? They didn’t bring us here to change the past.
10,2026.01.21,Mijn favoriete film. De verhaallijn de beelden alles is perfect
7,2026.01.21,film asiri iyi ama ortaokul hocam sagolsun 1 ayda her ders 10 dakika izletip tum deneyimi mahvettigi icin hicbir zmaan su filmi ilk izlemenin yasattigi soku yasayamayacagim
10,2026.01.21,"incrível, simplesmente"
10,2026.01.21,"nothing to say, I’m in love and completely obsessed. It’s in theaters right now, but I’m not buying a ticket—I’m not crying in public."
10,2026.01.21,Sin comentarios
10,2026.01.21,melhor filme do mundo tchau
6,2026.01.21,"I know everyone loves this film, but I just found it so overly sentimental. Ohhh the secret was love, was it???"
10,2026.01.21,What I’ve learned is that time is NOT measured in hours… but in MOMENTS THAT NEVER COME BACK.
9,2026.01.21,"No aburre , no es lenta y la pelicula es cinematograficamente hermosa, la trama tambien , aunque la parte en la que casualmente su hija es la elegida es meh no quita de ser de las mejores realmente 9.5/10"
10,2023.03.27,Masterpiece.
9,2026.01.21,"I’m starting to think they actually sent the actors out to space and these other-worldly planets because there’s no way this film is just CGI, green screens and incredible set design."
10,2026.01.22,cried forever again.
10,2026.01.21,"Great storyline, amazing cast, scientific accuracy adds points for me. Hans Zimmer’s the goat. Great Anne Hathaway"
10,2026.01.21,"forgot just how incredible this movie is, never watched it one sitting before and it was awhile ago. just an insane movie worth all the hype"
10,2026.01.21,this shit has me tweakin 🔥🔥
10,2026.01.17,"One without another, Cooper had to leave so he could come back. Devastating as a father’s daughter."
10,2026.01.21,"One of the most magnificent stories ever told, brought to life by a truly stellar cast — in every sense of the word."
10,2026.01.21,Top 10
10,2026.01.21,"(10/10)  I mean come on. We're talking about Interstellar.  - Other than Dallas Buyer's club, this is McConaughey's best performance. The rest of the cast is exquisite as well. - Timothee Chalamet turning into Casey Affleck is a bigger twist than the end. - Hans Zimmer performs one of the most epic and heartfelt scores of all time. - The story is perfect beginning to end. - The massive wave brings me more stress than most thrillers can offer. - Space is sick. - The twist ending when he's stuck in the bookshelf ties together the brilliance of this movie.  Christopher Nolan's best work."
9,2026.01.20,perhaps i treated you too harshly
10,2026.01.21,Eu deveria viajar no tempo pra ver isso no cinema
10,2026.01.21,BANGING FILM everyone has to watch it at least once in life
8,2026.01.21,Had to watch twice didn’t understand but this movie is really good I love it
10,2026-01-21T18:52:18.322Z,"This was my introduction to Nolan's work, and holy shit I was hooked."
10,2026.01.21,"Está película es demasiada buena, la puedo verla mil veces y aún así me pongo nerviosa y siento la ansiedad del momento. La trama la amo y el hecho de que todo lo que se relaciona con física en la película se real, dale hasta le preguntaron a un disco para hacer a gargantua okok 💔 iloveit"
8,2026.01.21,"So amazing lol, sometimes a little bit confusing but still a beautiful film"
10,2026.01.21,porro
8,2026.01.21,do nada todo mundo começou a odiar esse filme mas ele continua sendo incrível
10,2026.01.21,Matthew McConaughey trop d’la frappe la musique pépite l’histoire aussi jmen lasse pas
10,2026.01.21,The best movie I've ever watched. Nothing comes close. The epitome of cinema.
10,2026.01.21,"J'emmerde Regelgorilla le pseudo influenceur ragebait, et j'emmerde tout ses moutons pseudo subversif."
10,2026.01.21,agliuom
8,2026.01.21,"chorei muito bom demais, mas não veria de novo nem fudendo pq quase 3 horas de filme ne galera vamos la"
10,2026.01.21,bir rivayete göre hala ağlıyorum
9,2026.01.21,First seen ever
8,2026.01.21,aburridamente buena 👍
10,2026.01.21,Makes u fall on every moment
10,2026.01.21,nada que comentar
9,2026.01.21,This is a great movie idk why I avoided it so long
10,2026.01.21,Trippy concept
10,2026.01.17,Still need to watch this in imax one of these years
10,2026.01.21,literally the best movie i will ever watch.
8,2026.01.21,"Amazing visuals, amazing soundtrack, 2001 ripoff"
7,2026.01.21,I didn’t understand like 90% of it
10,2026.01.21,"Esse filme faz com que, pra mim, o Nolan seja um dos melhores diretores de todos os tempos. Tudo nesse filme é perfeito, até o clichê de ""o amor vence tudo"" consegue ser perfeito. A trilha sonora desse filme é magnífica, transmite medo, felicidade e euforia no tempo certo. A atuação também é um dos ápices desse filme. A cena do buraco negro, do Murphy vendo as gravações mandadas pelos filhos, tudo, tudo. Esse filme é perfeito"
10,2026.01.21,AMAZING MOVIEEE LOVE
10,2026.01.21,Banger
1,2026.01.21,Regebait
10,2026.01.21,First movie i’ve ever saw yet the best one i think im ever gonna see
10,2026.01.21,long. but beautiful
10,2026.01.21,Mds
10,2026.01.21,Me encanta
10,2026.01.21,Me: I want to watch a movie about space.  [Enter Stellar]  Stellar: Have you seen The Martian?
6,2026.01.21,Entendi foi nd (plmns a física nesse filme é legal)
5,2026.01.21,"Esse filme ganhou meu prêmio ""maior numero de tentativas de assistir completo"", tendo eu dormido no meio do filme um total de vinte e duas vezes, e conseguido assistir ate o final um total de zero vezes"
10,2026.01.21,a✨r ✨t ✨e✨
9,2026.01.21,"MUY buena, espectacular trama, no me gusto mucho el final pero es muy buena"
10,2024.12.12,Saw this movie for the first time on imax rerelease. Thought about it nonstop for days. Still chasing that high (or low??)
9,2026.01.20,Visually and audibly pleasing movie to the highest degree. Some of the story is flawed but it is easy to look past. Chris Nolan is the man
9,2026.01.21,second time watching a film with my bestie 😭 literally we need to watch more movies together anyways esma gave 4 stars <3 (she loved timotheé in this so much 🙈)
10,2023.01.11,"Timeline like a butter, so smooth and beautiful. I love this movie and this movies emotion"
10,2026.01.21,so freaking good i cant even
10,2026.01.21,Hell yeah.
10,2026.01.21,llore
6,2026.01.21,"cara é bom, tem um plot bom, só tem q prestar muita atenção pra entender aí já não é comigo"
10,2026.01.21,"Interstellar is the only movie where I've said in the end ""this is the greatest movie I've ever seen""."
7,2026.01.21,É bom
10,2026.01.18,"Absolutely fantastic. Story expands as it goes, really makes you think. Science based."
10,2026.01.21,top1 nogorra
10,2026.01.21,"Um dos melhores filmes de sci-fi já feitos, grandioso, trabalha de forma maestral com a física, conceitos sobre espaço tempo e viagens espaciais. Mistura ficção e assuntos sérios como mudanças climáticas, relações familiares e dilemas em viagens interplanetárias que nos deixam reflexivos sobre a vida e a humanidade."
10,2026.01.21,Wow. Just wow.
9,2026.01.21,9.7/10
4,2026.01.21,"la quise ver sola y me aburrió, dsp la vi en wl colegio para una materia y no le preste tanta atención pero creo q si le hubiese dado más bola y entendido me hubiese gustado, por ahora le doy un 2."
7,2026.01.21,"hay que ser gilipollas para pensar que eran montañas la vdd. la niña cuando la veo de vieja me pongo muy mal. no pillo los conceptos del tiempo y del espacio, a lo mejor es pq llevo suspensa fisica y quimica de 3 de la eso pero bueno. #swag"
10,2026.01.21,q cosa más linda
10,2026.01.21,simplemente cine
10,2026.01.22,ajg film pusing
3,2026.01.21,Love transcends dimensions of time and space I guess.
8,2026.01.21,Muy buena jej
10,2026.01.21,awesome
10,2026.01.21,"me deixou muito pensativa. O jeito como o filme trata o tempo é totalmente assustador;  minutos viram anos, e nada volta igual. Me emocionei bastante, e a trilha sonora é simplesmente perfeita. ( pra mim quando a música combina com os acontecimentos, muda total a experiência!!!)  O filme não fala só sobre o espaço e ficção, mas também sobre amor e a perda que o tempo leva da gente. 10/10 gostei!!!"
10,2026.01.21,Absolute cenima
9,2026.01.22,fuck… i hate to agree with a film bro…        honestly so good you forget how terribly mixed this is for at home watching. def understand why ppl like the score ( playing at 80000 decibels struggling to hear a word they’re saying )
10,2026.01.22,I am so glad I watched this again I forgot how good the movie is…  Dr Mann is such a well written villain because I feel like some of you might cave and send the “rescue” signal… not me though i’m built different.
10,2026.01.21,فلم جميل لكن حسسني بضيقة
8,2026.01.21,rlly liked it up until the supernatural came into play
8,2026.01.21,Pretty good movie story is good and i like Matthew McConaugheys acting very strong
10,2026.01.21,i can watch this movie over and over again and still find new things to love about it
10,2026.01.21,"Sei que tem gente que achou esse filme chato, mas pqp toda aclimatação no espaço ea narrativa me preendeu muito. A ideia de que ele viajou e deixou seus filhos para atras em busca de salvar o mundo é muito foda, e toda a parte nerd sobre espaço e tempo e sla oq é muito interessante, achar esse filme chato é foda."
8,2026.01.21,Wow….   Am i a filmbro now
10,2026.01.21,I kept watching this on the plane for at least 3x already because i kept on falling asleep and I only got to finish it recently lol tbh i didn't understand what they were saying half of the time but this movie really makes u feel ur emotions like goddamn my antidepressants went on a holiday on that day and for that i give u 5 stars
10,2026.01.16,اخخخ فلمي المفضل على حبي للفضاء بس هو اولل فلم ابهرني فعلا رغم اني شفته مرتين بس مستحيلل امل منه فعلاا تحفة سينمائيه من بعده حبيت الافلام العلميه جدًاااا
10,2026.01.21,Incredible. From the score to the cinematography to the acting and everything in between. Also surprisingly scientifically sound
10,2026.01.17,wow
10,2026.01.21,Bro was just cranking out classics
10,2026.01.21,Greatest Sci-Fi film of all time.
10,2026.01.21,Absolute cinema!! (Piango)
9,2026.01.21,"Filme mais superestimar do nolan, é muito bom? Demais, é perfeito? Não, é melhor que 2001? Nunca."
10,2026.01.21,El pedazo de porro que se tuvo que fumar Christofer Nolan al hacer esta obra de arte fue con todas las substancias posibles. Locuron
10,2026.01.21,It’s crazy that this and Borat are both things called “movies” and I would give them both 5/5 stars
10,2026.01.21,gente😭😭 muito bom
10,2026.01.22,NANGIS BANGET ANJENGGG FAK yg bilang ini film ngantuk sini berantem ama gw🤬🤬🤬🤬
10,2026.01.21,فيلم تاريخي بمعنى الكلمة رهيب بشكل جنونييييي
10,2026.01.21,Very long very epic
4,2026.01.21,"vi 45 minutos y me aburrí, después mi hermano me contó como seguía, qsy capaz un día me interese lo que Nolan tenga para contar sobre hombres blancos"
9,2026.01.21,"Me inhale cocaina para entender ese final.  No entendí un poroto, pero llore como enferma, supongo que es un indicio... curioso.  Nose que decir de la película, es muy buena pero no entendi nada desde lo de la 4ta dimensión hasta el final.  Watafak."
10,2026.01.21,"Wow. There’s a reason this film is so popular. Incredible cast, score, direction, cinematography, visual effects, etc etc etc. Mcconaughey is exceptional and Matt Damon really stole the show whenever he appeared. So hard to say anything about this as there’s so much to say, but easily into the top 4"
9,2026.01.21,“because my dad promised me” ☆🪐💫
5,2026-01-21T17:26:04.546Z,Overrated
9,2026.01.21,One of my biggest regrets is not seeing this on 70MM when I had the chance.
7,2026.01.21,Great storyline and plot twist. The movie is just to overrated for me and a little bit to long. I feel like the movie could me shortened down.
10,2026.01.21,Caralho
10,2026.01.21,"""near perfection""  Fourth watch of Interstellar and I am still in awe of this film! The music from Hans Zimmer, is the best I have ever experienced in a movie. The story just keeps on expanding and is so well constructed. McConaughey was in my opinion at the top of the industry these years; an outstanding performance.  The vast amount of themes this movie covers in such a brilliant way. With stunning visuals of space supporting it. A must watch for anyone in my opinion."
10,2026.01.21,"ME ENCANTO. llore mucho pero demasiado con la película. Los efectos son muy buenos y la actuación está muy bien hecha que llega a sentirse que de verdad está pasando. Aunque es bastante larga que me demore 3 días en verla jajaj pero valieron la pena esos tres días. Eso si, me costó encontrar el sentido o mejor dicho la trama de la película porque en mi opinión es bastante confusa en algunos aspectos pero la recomiendo totalmente.   10/10"
10,2025.12.28,Rewatch - just gets better and better every single time
9,2024.01.01,La daron il est parti chercher du lait longtemps là
10,2026.01.21,mis ojos fueron bendecidos con esta película
10,2025.12.19,Très très longtemps que je dois le regarder et je suis pas déçu le film et juste incroyable 🪐
10,2026.01.21,Yeni izlemek nasip oldu zaten önceden izlesek aval aval bakardık aq
10,2024.01.17,El agujero negro de christopher nolan es increible
10,2026.01.21,🔥🔥🔥 1000000/10
10,2026.01.21,la mejor película q vi en mi puta vida.
7,2026.01.21,Watched it bc it’s Zendaya’s favourite movie but I didn’t realise it was like an alternate dimension thing. Also bless Timothee said he cried bc he thought he had a bigger part & I get that now. Murph is way more a main character.
8,2026.01.20,I cried once again. I also told my mom I love her . I miss home
2,2026.01.21,"MID AHHH MOVIE, SLEPT HALFWAY THROUGH Loved the pretty space scenes"
10,2025.08.28,"é interestelar, precisa falar mais alguma coisa?"
6,2026.01.21,sou muito burra por nao entender o final?
9,2026.01.21,Viage do carai
8,2026-01-21T17:05:18.908Z,Ha ragondolok anxiety-m lesz. De amugy jo film.
10,2026.01.21,UWU
10,2026.01.21,GOAT
8,2026.01.21,3h et pourtant j’étais pris dans le film. Il est long mais il faut
9,2026.01.21,Top
8,2016.05.23,good music
10,2026.01.21,masterpiece.
8,2026.01.21,"Amo, mas dá sono em boa parte do filme"
10,2026.01.21,Crazy mind fuck and beautiful soundtrack and very quality acting from Matthew McConaughey
10,2026.01.21,one of them most amazing films i have ever watched it is just so i actually dont know how to describe it i watched when i was ill and it just felt like defining all the strange things we guess about and make theories about everything we question in a film just laid so plain to our small minds its beautiful
6,2026.01.21,the end ????
8,2026.01.21,"Nolan calculates, Zimmer detonates.Cinema survives because of films like this."
10,2026.01.21,"“Cooper, they didn’t bring us here to change the past”ABSOLUTE CINEMA"
10,2026.01.21,"Increíble, me encantó. Una película increíble cuando sabes y entender todos y cada uno de los conceptos."
10,2026.01.18,don’t leave let me Murph Murph
9,2026.01.21,Georgous
9,2026.01.21,Me gusta mucho explica mucho la vida sobre los astronautas
10,2026.01.21,😭😭😭😭😭
8,2026.01.21,Just was a bit predictable hence the lower rating. But still a awesome movie
10,2026.01.14,carajo cine
10,2015.01.16,"Visuales espectaculares, banda sonora sin igual. Buenísima la exploración del diferente paso del tiempo en diferentes planetas y qué implica para aquellos en la tierra."
8,2025.01.03,El fue hasta el espacio para buscar un mundo mejor para q su familia viva y eso para mí lo es todo
10,2026.01.21,"After hearing how great this film is since it came out, I wanted to not rate this film 5 stars but I just can’t."
10,2026.01.21,probably the best film ive ever watched
9,2026.01.21,"Très beau film, émouvant, et qui fait réfléchir."
8,2021.01.21,Considero que toda película que te mantenga alerta y en constante atención es una película que logra su cometido y está lo ha hecho...
2,2024.03.09,People like for the emotions  Science doesn't make sense
6,2026-01-21T16:33:40.133Z,"Pretty mid movie. I went in with very high expectations for obvious reasons, but it was quite meh. Its so intense for absolutely no reason, might as well watch my grandma's daily serials. Its nothing without the soundtrack, which is the only exceptional thing about it. I'm aware this may be a controversial opinion but eh who cares. Would I re-watch? No, thanks."
9,2026.01.21,This backdrop kicks off one of my favorite sequences in film history. Incredible stuff.
10,2026.01.21,watch at your own risk if you have daddy issues. it took me awhile to recover after this one but it’s worth it bc it’s a masterpiece of art in every department. hans zimmer composed the most perfect soundtrack for this movie. it’s so beautiful I can’t bring myself to listen it because i’ll tear up
10,2025.02.09,REWATCHED THEIR 10TH ANNIV. CELEB. AT IMAX STILL MY TOPNOTCH SCI-FI MOVIE!!
10,2023.11.06,NO LITERAL WORDS CAN DESCRIBE THIS MASTERPIECE!
10,2026.01.21,1 vez al año lloro por esta película
10,2026.01.21,"Christopher Nolan who the hell you think you are making this masterpiece I've never watched a movie that talks about space before but darling I think that this movie got me so much like especially the cinematography of course, especially when they first landed at that planet that when you spend an hour there that means 7 years on Earth that planet and how it created those big waves like wow like I was watching and I was impressed and… more"
10,2026.01.21,Melhor filme de espaço que edite pqp
9,2026.01.21,Não entendi
10,2026-01-21T16:22:48.056Z,"Ja assisti e é incrível. Vejam sem medo pessoal Nem sei pq coloquei na lista pra assistir se já tinha visto umas 3 vezes Mas confesso que esse filme é viagem total, porém traz uma boa reflexão se você estiver disposto a fazê-la"
3,2026.01.21,Me dormi xd
8,2026.01.21,ANNE HATHAWAAAAAY
6,2026.01.21,watched it after everyone. I expected a masterpiece. Was really enjoyable the « twist » was great but it was not the mind blowing movie I thought it would be
10,2026.01.16,Miał być prosty film o rolnikach a okazało się że Ziemia się na nas wkurzyła więc jakiś typo inny typo inny czarny typo i baba lecą do innej galaktyki szukając planet do życia
9,2025.01.05,Matt Damon always looking for an opportunity to transfer his aggression of not being with Ben affleck. It worked though   Almost forgot that little twink was in this movie and so did his dad…
10,2026.01.21,Murphy’s Law has to be top 5 laws ever created
10,2026.01.18,Um dos maiores filmes de ficção científica que eu já assisti. Apagaria minha memória e reassistiria de novo com certeza. Nota 10
10,2026.01.21,"Know I have seen it before, but holy fuck."
10,2026-01-21T16:14:22.137Z,DİREKT FİLM.
8,2026.01.21,"absolute cinema ✋🤚 tapi kata gw mann anjeng co orang paling taii, gebukin aja kalau ketemu"
10,2026.01.21,Eu amo esse filme. Acho q o único defeito é o final mas esse filme é incrível só assista Nota: Filmaralhaço do caramba
10,2026.01.21,i love this movie sm made me ball tears
10,2026.01.21,"filme fica ainda mlhr no rewatch, absurdo"
6,2026.01.21,capaz si tengo a alguien al lado qje me explique le pondría más
10,2026.01.21,Ouais bah j’ai chialé c’est pas original
10,2026.01.21,Wauw
10,2026-01-21T16:10:15.746Z,Favorite
8,2026.01.21,uno dei pochi film di fantascienza a farmi commuovere da quanto è bello
9,2026.01.21,"Christopher Nolan solidified his position as one of the most influential directors of all time after producing this masterpiece.  each actor performed amazing, but it’s McGhonahey who delivers powerfully in the role of a life time and fully deserved the Oscar he was awarded. The emotional impact that this movie has on its audience is phenomenal, the cinematography is quite literally out of this world, and hearing about how dedicated Nolan was to this movie really showed in its success over the past decade, and it is fully deserved."
8,2026.01.21,"estuvo buena, la vdd. da muchos giros inesperados y luego me perdí en el lenguaje.  me gustó más porque el soundtrack es de Hans Zimmer"
10,2026.01.21,The best sci fi movie ever created.
8,2026.01.21,"Christopher Nolan’s Interstellar has now become the second of his films that required a return visit for me to fully appreciate — a pattern I’m beginning to recognize in my relationship with his work. Only on this revisit, years after my initial viewing, did the film’s ambitions begin to cohere. Even then, I found myself consulting breakdowns and brushing up on physics to grasp some of its more intricate mechanics.  What’s striking is that the elements that appear most superficial… more"
10,2026.01.21,"foda pra kraio, tinha esquecido de avaliar"
6,2016.06.15,"Need to rewatch. I myself was way to young to watch it and therefore didn’t fully enjoy it as much as I could have, however after seeing more of Nolan’s works and seeing part of it once again, I can give it a solid rating."
10,2024.12.25,MASTERPIECE
10,2025.02.08,PERFECT ❤️ Absolutely amazing rewatch on IMAX
8,2026.01.09,"Dopo anni ho finalmente recuperato Interstellar e… mi ha deluso in parte. ovviamente le mie aspettative per questo film erano non alte di più, e come era pronosticabile non le ha rispettate a pieno. Se devo star qui a parlare degli aspetti positivi cadrei nel banale, perché a parlare bene della colonna sonora, delle interpretazioni, della fotografia, della regia e di tutto il resto di ben fatto sarebbe anche scontato. Direi invece che l’ho trovato prolisso, ed a non convincermi… more"
10,2026.01.21,Should’ve listened to Anne Hathaway smh
10,2026-01-21T15:51:32.361Z,"Recomendação de um amigo, filme muito bom, alguns dirão que é genérico, mas esse filme é uma obra-prima"
8,2026-01-21T15:49:19.940Z,"es como data de tainy pero en el cine. Flow no es lo mejor pero pelea y si exploras muy poco sobre el tema te parece eso, la cabra."
9,2026-01-21T15:45:57.036Z,ee bu yıldızlararasının aynısı
10,2026.01.21,spacca un botto
10,2026.01.21,absolute masterpiece. no remarks. supberb soundtrack.
9,2026.01.21,I love this movie and Matthew M.
10,2026.01.21,"A movie is more than wonderful, very worth watching, and I have prepared it 5 times because of the depth of thinking and excitement👀"
10,2018.10.07,فلم عظيم بكل ما تحمله الكلمه من معنى مكانه المتحف بلا شك ايقونة السينما
8,2026.01.14,"Paola:Soube o plot desde do início o plot, porém ainda sim muito bom sigma alpha, gosto de música embora me irritou  Carlos:filme de ação que me fez chorar, morreu o gostoso primeiro"
10,2025.07.15,All time favorite. Doesn’t even need explanation. Best movie of all time
7,2026.01.21,3 HOURSS..??
7,2026.01.21,berasa balik ke pertemuan terakhir fisika bersama pak herman di 12 ipa d
10,2026.01.21,"BEST MOVIE EVEEEEEER???? dem, apa gunanya gw hidup kl gak nonton ni film"
10,2026.01.21,My second greatest movie of all time and ive grown up watching movies
6,2026.01.21,Non c’est pas sur côté n’en déplaise à la racaille gorilla
8,2026.01.21,Aceia ap caroce eu credca as in spatiu da nus daca e fake sau real ca cade 88🤑😝
7,2014.01.31,"Gotta rewatch, almost fell asleep the first time"
10,2026.01.21,My fav film ⁠♡
10,2026.01.21,literally perfect in every way. the best last act I've ever seen. I've seen bits of this over the years but never the ending and never all at once. the last hour takes this from a borderline 5 star with some of the best visuals out there to one of the best films ever. everything to do with the black hole is immediately up there with my favourite scenes ever. going straight into the top 4 at #2
10,2026.01.21,Нолан-гений
10,2026.01.21,amazing however did make me take a-level physics which i heavily regret
10,2026.01.21,Watched this on the plane back home from Australia Oh my god. Felt like I was watching in 4D. If u have th chance to watch it on an airplane take it. So fawken crazy I don’t have that many words.
10,2026.01.21,favorite movie of all time
8,2026.01.21,"Bellissima musica, mi ha perplesso il fatto della libreria però"
10,2026.01.21,"is this the best movie oat?  rage, rage aganist the dying light"
10,2026.01.21,this is so peak
10,2026.01.21,matthew es como el vino más viejo más lindo
10,2026-01-21T14:59:54.028Z,"sebenernye ini film bagus mantep banget,,, cuma gua suka keinget guru fisika waktu SMA anjg yg SELALU ngaitin materi apapun sama film ini ((((gua tetep bodoh fisika))))"
8,2026.01.21,La musique fait tout.
10,2026.01.21,"un clásico, interestelar la fumada del final"
10,2026.01.21,Bu film sayesinde izafiyet teorisini araştırmaya başladım 🫡 soluksuz izlenen bir yapım
10,2026.01.21,"Um filme incrível, direção excelente, uma das melhores trilhas sonoras de filme que existem, sem dúvidas um filme emocionante que traz elementos de drama, suspense e ficção científica, recomendo e muito, que assiste pela primeira vez tem uma experiência linda!!"
9,2026.01.20,"Best use of a pg-13 movie's free ""fuck"" pass ever"
6,2026.01.21,"sei lá ne, uma odisseia no espaço é melhor e menos confuso. filme de incel que se acha cinéfilo"
10,2026.01.21,"O filme visualmente é perfeito, a trilha sonora é completamente perfeito"
10,2026.01.17,"Ne znam ovaj film je meni perfekcija moze pricati ko sta hoce, ali film je u stanju izvuci svaku emociju, nesto te nauciti i opet izgledati vizuelno prelijepo. Film je apsolutno vrijedno pogledati vise puta i oba puta sam 3 sata kao hipnotiziran gledao u ekran. REMEK DIJELO.  Hejtanje ocekivano jer da bi nesto bilo najbolje mora imati veliku bazu hejtera (samo zavisi od toga koliko su glasni) tako je uvijek bilo tako ce uvijek i biti."
10,2026.01.21,wow. just wow.
10,2026.01.21,Had to end ladel real quick
6,2026.01.15,Stylé
9,2026.01.21,"Pelo que já tinham me falado de Interestelar, eu achei que daria nota 5. Mesmo assim, continua sendo um filme muito bom. Tecnicamente é impecável, tanto na fotografia quanto no som. Mas eu esperava que o filme fosse mais focado na exploração espacial e salvação do mundo que estava se destruindo e caminhando para um futuro próximo, com a praga nas plantações (que acho que eram de milho) e a poeira do que na questão familiar, que é muito presente.… more"
9,2023.08.23,"elitis bilang ini overrated, tp overrated bukan berarti jelek sih krn sejauh ini film film karya christoper nolan peak semua, interstellar tetap masterpiece and salah satu yg deliverynya paling aku suka kalau dicompare sama film film nolan yang lain, walaupun endingnya menurutku sedikit flat karena open ending concept, dialognya tetap sukses bikin emosional and background music and cinematography nya tetap juara wkwk. emg beberapa bagian masih blm sempurna tp menurut aku ga cukup buat bilang ini film gak sebagus itu. overrated for a reason. menurutku interstellar ini kaya gate yang ngebuka awal buat penonton nyoba film film sejenisnya."
10,2026.01.21,"Não importa quantas vezes eu assista, esse pra mim é um dos melhores filmes do mundo, MEU FAV SEMPRE!! NOLAN GIGANTE!!"
10,2026.01.21,La mejor película jamás creada de la historia del cine
10,2026.01.21,No existe una pelicula a su altura
10,2026.01.21,Película hermosa te amo aunque me duelas cada que la veo
10,2026.01.21,Cómo eleva la película esa banda sonora tan buena por dios.  Ojalá ser experto en todos estos temas porque son taaan interesantes!!
8,2023.10.09,was forced to watch this in my 8th grade science class by a sub and i was annoyed..  watched it again at home the next day  fucking GENUIS
8,2020.05.27,Nolan I HATE you
10,2026.01.21,e fodase o filho né
10,2026.01.21,Can we speak more abt how he just forgot his son existed
10,2026.01.21,"the visuals, story, acting were peak idc if its overrated"
10,2026.01.20,I’m sad  *watches interstellar for the 50th time*  I’m more sad
8,2026-01-21T14:25:19.768Z,It's a decent film.
10,2026.01.21,Puta que pariu
10,2026.01.21,absolute cinema.
10,2026.01.20,A modern classic
10,2026.01.21,An absolute masterpiece and gets me every time I rewatch it
7,2026-01-21T14:17:58.791Z,"Everything works. The emotion is there, the characters are great, you care about these people (and even the cute robot thingys). Then the last part starts playing, loses its entire plot and all the cool things set up in the first part of the movie fall apart. Its a stupid convoluted ending that was there because they couldnt think of another good way out of the situation the writers put themselves in. I cant bring myself to love this movie… more"
10,2026.01.21,WAT EEN FILM. Zoveel kippenvel gehad tijdens het kijken en echt de grootste plot twist ooit. Christopher Nolan heeft zijn werk heel goed gedaan. En wat een verhaal. Wat een acteurs. Wat een kunstwerk van een film…
10,2024.07.09,Best film ever
9,2026.01.21,"Impecável, há é chato alguns erros, como o milharal.. mas isso não muda em nada, já que é com certeza um dos melhores filmes já feitos, com duração, roteiro e elenco incrível👏"
10,2026.01.21,me dejo loco
10,2026.01.21,Ovo mi je ja bih rekao idalje jedan od omiljenih filmova jako lepa prica nekako i tera me na razmisljanje i svemu koliko je vreme cudna stvar nekako jako sam fasciniran kroz ceo film sam osecao osecaj praznine nekako jer to vreme kad je proslo nikad ne moze da bude vraceno kraj filma mi se nije svideo ali svakako zasluzuje 5 stars zbog personal enjoyment
10,2026.01.19,Peak as always
10,2026.01.21,SECONDO FILM VISTO. OMMIODDIO MA CHE CAPOLAVORO HO DOVUTO GJARDARLO 4 VOLTE DI FILA PER CAPIRLO LA PRIMZ VOLTA NON MI E PIACIUTO LA SECKNDA UN PO MI E INIZIATO LA 3 MI HA FATTO ANCORA PIU SCHIFO E LA QUARTA CAPENDO TUTTO ME NE SONO INNAMORATO.ATTORI FENOMENALI MAGARI PERDE UN PO SU ALCUNI NUCHI DI TRAMA MA E COMUNQUE PEAK E UNA TRAMA MOLTO SEMPLICE SE CI PENSI MA CHE NOLAN HA RESO TUTTO PIU BELLO QUA
9,2026.01.19,"Interstellar é absurdo de bom. A história é magnífica e eu amo como o filme vai se desenrolando com uns plot twists absurdos. É real aquele tipo de filme que você não consegue prever nada e isso deixa tudo ainda mais interessante. A única coisa que eu senti um pouco de falta foi de desenvolver mais a Murphy. A construção dela é ótima, mas acho que dava pra explorar mais a trajetória dela."
10,2026.01.21,"Que filme desgraçado. Eu consegui sentir o desespero, a angústia de ficar sozinho e saber que fora daquela nave não há nada além de um vasto espaço que se você errar um cálculo pode acabar morto. A sensação de perder tempo, perder anos da sua vida por uma coisa que nem foi realmente planejada doeu em mim, ver seus filhos crescerem e ver as coisas mudando enquanto você continua praticamente a mesma pessoa pode deixar alguém realmente maluco. Perto do… more"
8,2026.01.21,final qliao como las weas
10,2026.01.21,I wanna be as genius as Murph.
6,2026.01.20,overrated
10,2024.12.24,je n'aime pas les films de l'espace. sauf lui. et il est même devenu l'un de mes films pref. à voir il mindfuck
10,2021.01.27,"So far, it has been three brushes"
9,2026.01.21,"Film o chłopie, który niby poleciał w kosmos a tak naprawdę był za regałem"
10,2022.01.01,time is fascinating
9,2026.01.21,cook iyiydi cidden ama bikac kere izleyince sıkmaya basliyo yinede cok guzel ozellikle ilk izleyisimde bayilmistim
10,2026.01.21,"filmaço, tanto a história quanto os efeitos especiais são de outro planeta (literalmente). Os personagens tem um ótimo desenvolvimento ao decorrer do filme e possuem personalidades únicas. Esse filme é fora da curva pra época que ele foi feito"
10,2026.01.19,I love the titanic and think it is the greatest film ever made. This is the only film that I have thought has come even remotely close to James Cameron’s work. I’m becoming a fan of Christopher Nolan as a director I must say   And a shoutout to Hans Zimmers composing and I only wish I could go back through a black hole to see him live with 2 dear friends of mine   My take away from this is when my phone is on do not disturb please contact me via gravitational waves
10,2026.01.21,Best film I ever watched msl
10,2024.10.06,"CINEMATIC ALWAYS GOING TO WATCH FOR A CRY. if you haven’t watched, watch it. all i can say is you will be confused but it’ll be worth it."
8,2026.01.21,"C’est super mais je comprends pas le fait qu’il soit le préféré de beaucoup de gens. Il y’a de l’émotion,  c’est beau, intelligent mais il manque le truc pour qu’il me fasse dire que c’est un banger. Mais c’est quand même un très bon film."
10,2026.01.21,"Mais uma vez, continuo chorando nas mesmas cenas e descobrindo coisas novas do filme, dessa vez assistido em call entre amigos no Discord. Que filme único, creio que jamais irei encontrar um outro que seja melhor  Nota: 10+/10+  “I’ve got kids professor… - Go there and save them”"
6,2026.01.21,Иногда колхозник не лучший вариант для спейс миссии
7,2026.01.21,Belle vague
10,2025.01.04,com certeza um dos melhores filmes da vida mudou toda minha perspectiva de tudo
10,2026.01.21,pusing tpi sukak
10,2026.01.21,"acabo de ver una maravilla realmente, dios, que película tan buena, cada lagrima valió la pena ""Nos convertimos en los fantasmas de nuestros hijos"""
10,2026.01.21,LOVE transcends space & time
9,2026.01.21,Gw gaterlalu suka sciencefiction tp ini seru sih sebagai org yg selalu penasaran tentang astronomi
10,2025.12.07,PEAAAAKK (i don't even understand the movie at all😅)
10,2026.01.21,beaucoup trop triste mais bonne histoire et l’espace tout ça je kiff
10,2026-01-21T12:59:19.270Z,"Interestellar, para mim, é um filme que vai muito além do entretenimento, mas não é isento de falhas. Ele é lento, contemplativo e exige paciência, o que pode afastar muita gente, porém foi justamente esse ritmo que me fez sentir o peso do tempo, das escolhas e da distância entre as pessoas. O roteiro de Jonathan Nolan me conquistou pela coragem de tratar o público com respeito, sem simplificar demais suas ideias, enquanto a direção de Christopher Nolan transforma o… more"
4,2026.01.21,boooringgg
10,2025.10.21,Fell in love with Mathew while my mind was getting completely blown
10,2026.01.21,greatest of all time
10,2026.01.21,selalu mau rekomendasiin film ini ke semua org karna emng bagus bgt… aku suka bgt film teori yg kerenn bgt kaya gini!
7,2026.01.21,i cried
10,2022.11.01,Fav
10,2017.01.02,"por dios mejor pelicula de la historia, te amo nolan me hiciste llorar"
10,2026.01.21,"masterpiece, el ber teori njir KEK BANYAK BANGET PERAN YANG SANGAT MEMBUAT AKU DAN CEPA BEKATA KASAR :pp 🫱🏻 like what the hell WHAT R U FUCKING DOING KEK BANYAK BANGET OKNUM OKNUM YAJG BIKIN TERIAK hhh( aku sayang kepada bapaknya eh gila bapakny ganteng banget aku sayang ) slurp, aku sayang bapaknya cepa sayang timoty tom tom itu BTW anaknya pintar bgt si murphy anjir otak robot dia cuy canggih aku suka endingnya haFfy endink >____o dan aku berharap AKU BISA MENEMUKAN FILM SEBAGUS INI LaGi. mngp sieh ratenya ampe 5 doang aku mau memberinya infinity☕️"
평점 없음,2026.01.21,це не поганий фільм але занадто фентезі для мене
10,2025.12.08,"peak peak peak bardzo podobala mi sie dokladnosc dotyczaca kosmosu, czarnej dziury itp oraz  szczegoly jakie byly uwzgledniane na ten temat"
10,2026.01.21,"One of my favourite movies of all time, the most beautiful Sci-Fi in the ever."
10,2026.01.21,Pk j’ai découvert ça si tard
9,2026.01.21,eleştirmek bana düşmez
9,2026.01.21,I need Matthew McConaughey to drop his skincare routine now because looking like that being 124 years of age???? Wow
10,2026-01-21T12:29:17.643Z,All these astronomical things are beautiful. It's a way of having another perspective on something we live in the midst of but often overlook.
6,2026.01.21,"Unfortunately this wonderful film loses stars because I once had someone mention this film in a way where it was implied to be like a “niche” favourite film pick????  Genuinely dumbfounded to this day, all power to them though. All that matters is that they enjoyed the film."
7,2024.11.14,Didn't understand anything other than that the woman looks like Georgina Rodriguez
10,2026.01.21,ts changed my life fr fr christopher nolan w mans fr fr
10,2026.01.21,Nolan klasiği🔥
10,2026.01.21,Absolute cinema
7,2026.01.21,Visualmente atractiva  Bastante lenta en algunas partes  Soundtrack de puta madre
10,2026.01.21,"ele era o fantasma o tempo todo, como assim?!!"
8,2025.10.16,the storyline is very exciting..
10,2026.01.21,GILAAAA BGT SMUANYA GILA GUE JG GILAA
10,2026.01.21,Movie that reminded me why I love movies🥰  Definitely one of a kind film. One of the most ambitious projects ever done in cinema.  Watching this movie again was transcendental experience. It left the impression no less great than first time.
8,2026.01.21,"beratt beratt, tapi bikin mikir ""waktu kita tuh seberharga itu"""
7,2026-01-21T11:53:05.405Z,cant go wrong with nolan (most times)
10,2026.01.21,Third time watching and I’m still so confused
8,2026.01.21,i lauv it
10,2026.01.21,"Baita filme foda pra krl, você começa a assistir e não da nada, no final você sai vendo a sua realidade de forma totalmente diferente.  Definitivamente uma obra de arte de ficção científica, ambientação foda, trilha sonora foda, um dos melhores filmes que já assisti!"
10,2026.01.21,the more u watch the more u understand
10,2026.01.21,"lu balik sama andie aja dah murph, nonton nba lagi aj :)"
6,2025.02.08,PVR Priya IMAX
10,2026.01.21,- cinematography 🔥🔥
10,2026.01.21,"Interstellar is a perfectly normal sci-fi movie if you ignore the crying, the screaming, the sobbing, the organ music, the crying again, and the fact that time personally hates you.This film said “space exploration” and immediately locked me in an emotional escape room with Matthew McConaughey yelling about love like it’s a cheat code. One hour on a planet = seven years of trauma. Every scene is either “wow science 😍” or “call your dad RIGHT NOW.”The robots… more"
10,2026.01.17,It has everything you ask for it.
10,2025.08.21,Vu en VO avec Maël et Shan en août 2025  Tout est bien dans ce film . Les images sont magnifiques la BO j’en parles  même pas et le scénario est dingue c’est  aujourd’hui mon film préférer. J’ai vraiment pris une claque
10,2026.01.21,Breathtaking ✨
7,2026.01.21,"Visually stunning and a fantastic score to go along with it. Now, I am nowhere near the biggest Nolan fan and I am usually quite vocal about it. I find a lot of his films to not be for me and mostly style over substance. While I do think this is the case here sometimes, the acting and visuals just really raise it from your average Nolan film to being something quite better. Honestly, I can see myself bumping this… more"
9,2026.01.21,3 hours of emotional devastation
6,2026.01.18,Lange zit. Niet mijn film.
10,2023.05.21,Need i say anything?
10,2026.01.21,Meu filme favorito! Verei quantas vezes for nescessario pra apreciar quantas vezes for precisos essa obra prima ❤️❤️❤️
10,2023.01.23,this is too perfect to be expressed
8,2026-01-21T10:30:41.392Z,"tbh i never gave a shit about the earth plot, and the time travel bit made absolutely no sense, but seeing the astronauts adventure these beautifully unique worlds and do everything to survive was an amazing thrill"
8,2026-01-21T10:30:17.557Z,Le soundtrack di Nolan mi fanno sempre impazzire
5,2026.01.21,"Hadde veldig høge forvetninger sida det virker som at alle elsker denne filmen, men synes den var berre jævlaaa boring. Den er atlfor slow paced og lang. Noen av scenene føltes lengre enn det den trengte å vere pga det var så mykje unimportant details. Karakterene er ikkje interesting og fekk så vidt eller ingen character development på 3 TIMER. The story is good, men det var så visually boring….Etter 3 timer med science drit, så ender det opp med å vere power of love….I love the meaning behind the movie tho"
6,2026.01.21,i feel dumb
10,2026.01.21,Bqrbaro
10,2026.01.21,Give me amnesia just so I could experience this again for the first time </3
8,2026.01.21,"very exciting and emotional, it's a classic"
10,2026.01.21,love me some Matthew McConaughey !!!!
10,2026.01.21,"Nesse meio tempo que fiquei sem usar letterboxd, finalmente assisti essa obra de arte, e que filme bom maluco. Trilha sonora, história, atuação, tudo. Um dos melhores filmes que eu já vi na vida (papo de ter chorado umas 7 vezes nesse aqui kkkkkkkkkkkkkkkk)."
10,2026.01.21,semuanya baik baik saja sebelum masuk blackhole. overall it's AMAZINGGGG moviee bcs whoa the plot ⭐⭐⭐⭐⭐
9,2026.01.21,“Because my dad promised me”😔
6,2026.01.21,Nolanslop always good fun
10,2026.01.17,I cried twice.
10,2026.01.21,espectacular
10,2026.01.21,What I want to hope is that our civilization will not have to go through such a period  You know that you will cry watching
10,2026.01.21,"|| Watched this last year or the year before, not sure. ||I AM SPEECHLESS. THIS MOVIE IS INDESCRIBABLY PERFECT.THE HANDLING OF PHYSICS, SCI-FI, THE CHARACTERS AND THE ACTING -- THE WRITING, EVERYTHING WAS PERFECT!!!-- I am grateful that I can understand it in one go without needing to rewatch it. It STICKS TO YOUR MEMORY!!! BECAUSE ITS PEAK. --In my personal opinion, this is Christopher Nolan's sci-fi MAGNUM OPUS. None can top it; how he weaves… more"
8,2026.01.21,"Aku masih ragu, jujur aja. Banyak pertanyaan yang gak kejawab rasanya habis nonton film ini. Kaya ada lubang gede jadinya gak lega."
10,2026.01.21,one of the most thought provoking films i’ve ever seen. a movie where everything about it sticks with u from the score to the performances. made me rethink my whole rating system ngl
10,2026-01-21T09:52:35.082Z,ich hab den film mittlerweile multiple male gesehen und bin immer wieder fasziniert
10,2023.12.09,sobrang angas talaga ng movie na to kahit hindi ko pa rin gets yung ibang part kasi wala ganon talaga bobo ako sa science eh pero yung emotions legit bro and talagang go with the flow na lang ang atake ko habang nanonood eh
10,2026.01.21,“Love is the only thing we’re capable of perceiving that transcends dimensions of time and space”
10,2026.01.21,"lovely watch 10/10 made me feel really confused, sad, & grateful"
9,2026.01.21,"I have never been someone who watches films again and again, but Nolan has always been the exception. Interstellar (and The Dark Knight) most of all.  The thing that most differentiates Interstellar from Nolan's other, also brilliant work is how emotionally resonant it is and how much importance is placed on that side of things.  It features awe-inspiring visuals, the black hole sequence for instance is one of the greatest scenes in sci-fi cinema history. It has fist pumping, heart… more"
10,2026.01.21,Fav movie hands down
10,2025.10.12,"interstellar is one of those films that stays long after the credits roll. alurnya pelan tapi intens, penuh sains, waktu, dan pilihan yang gak pernah hitam-putih. perjalanan antar planetnya bukan sekedar eksplorasi luar angkasa, tapi juga perjalanan batin tentang apa artinya pulang, dan apa harga dari sebuah harapan.  what makes this film a solid 5/5 for me is how it talks about love without being cheesy. interstellar bilang kalau cinta itu irrational, tapi justru itu yang bikin manusia bertahan. waktu… more"
10,2026.01.21,ارجل فلم فتاريخ
10,2024.02.14,mükemmel ötesi
1,2026.01.21,cristopher nolan es el hombre más aburrido del mundo
9,2026.01.20,"Idk why it took me so long to finally get around to watching it but it was great! I was sobbing by the end, I loved his relationship w/ his daughter, but damn he does NOT gaf about timothee chalamet."
8,2025.02.12,seru bgt jir? paham tp gapaham tp paham rasax
10,2026.01.21,Real ones know the cat is actually named after the robot from interstellar not the Kenyan long distance runner
10,2025.04.18,christoper nolan's masterpiece
9,2026.01.21,Beautiful imagery and effects and great story just a tad slow at time.
10,2024.12.21,"Christopher Nolan is just such a creative genius. I don’t care if some of his movies are overrated, he deserves all the love and respect from all filmmakers. He proves there are levels to this."
4,2026.01.01,me not liking this has something to do with my absent father
2,2026.01.21,Horrible final
10,2024.03.10,It’s not about space. It’s about everything we’re willing to cross for love.
10,2026.01.21,Life-changing
8,2026.01.21,Watched this movie just because he suggested this to me and he said that his fav director is nolan. Somehow nolan's work is so confusing like some parts of this movie i still cannot figure out what this mean. It is a great movie but i prefer watching movies that doesn't require me to think of something. Still respect to nolan for producing this kind of movie with some crazy concept.
10,2026.01.21,genuinely the best movie ive ever seen in my entire life
10,2026.01.21,"“El amor es la única cosa que somos capaces de percibir que trasciende las dimensiones del tiempo y el espacio. Quizá deberíamos confiar en eso, aunque no podamos entenderlo.” 🌌"
10,2026.01.21,i think christopher nolan is brilliant.
6,2026.01.20,"Thoughts:   “Matthew McConaughey plays a scientist…” Yeah, I’m gonna stop you right there.   When they’re fighting on Hoth 2.0, I really wanted the Star Trek fight music to play.   For a film with this much science, it’s really pretty dumb. The characters speak only in exposition (which is just as well, as they are often drowned out by music) and are completely underdeveloped.  Visually impressive, occasionally moving.   Another example of spectacle over story."
10,2026.01.21,"This how a Sci-Fi should be made, that we doubt if it's even Fiction anymore, Proves why Nolan is Nolan"
9,2025.10.17,"I love space so much I can't believe it took my this long to actually watch this movie. The music, the visuals, it's all so amazing. The main plot twist was honesty very confusing to me but I think that's just because I'm slow. Watching why things were happening previously in the movie was so cool though."
10,2026.01.20,this was an experience and i hope i get to watch it on a huge screen again
4,2026.01.21,"Cara esse filme tinha tudo pra ser bom, um elenco foda pra carai, dinheiro pra porra, mas se você tira os efeitos especiais (eu sei que é necessário para um filme de ficção científica mas não é só de pão que vive o homem) e a trilha sonora, fica uma grande merda, esse filme é tão parado que eu não te julgaria se você dormisse (sendo uma pessoa que julga muito quem dorme assistindo filme) E o que mais me… more"
10,2026.01.21,"no me caben las palabras para describir lo que es esta película y mas el tiempo que estuvo en mi lista de espera, no debi retrasarla tanto pero vaya que me sorprendió esta película, tanto sus visuales como la historia me encanto, y me vuela la cabeza todos los conceptos que nos introdujieron durante todo el film no dara detalles sobre la trama solo me encantaria una segunda parte."
7,2026.01.21,"Interestelar tem uma ideia muito interessante e a cinematografia é impecável, visualmente é muito foda, mas o filme é arrastado em vários momentos e a direção deixa a desejar em como constrói a tensão, ocorre vários furos de roteiro que fazem a história ficar entre ciência e drama, parece que o filme não se decide e não sustenta o propósito que quer, tentando misturar emoções e conceitos científicos de forma confusa. A última cena, que deveria ser impactante, é bem… more"
평점 없음,2025.01.05,this movie pisses me off
10,2025.01.27,"La primera vez que la vi fue en su reestreno en cines y en IMAX. Simplemente fue precioso verla de esa manera, me arrepiento por no haberla visto antes pero siento que la conocí de la mejor manera. No espera ese plot twist y en lo personal me dejó reflexionando por días. Lloré en ciertas escenas y no me esperaba ese final. En mi cabeza tengo un vago recuerdo de las tomas del espacio porque quedé maravillada. Si o si… more"
10,2026.01.20,La mejor pelicula de la vida
8,2026.01.21,"all those scenes up in the space are not my kinda thing to be honest but last quarter of the movie was spectacular for me murph finding out that her ghost was his father, cooper yelling to his old self to not go and everything... wow and time thing has always shocked me like how am i supposed to actually understand time relativity it'll always stay incredible for me"
10,2026.01.21,i love science and i like fiction.. sci-fi hell yeah
10,2026.01.19,3rd watch my fav so emotional i love
8,2026.01.20,Peak soundtrack. I love corn
6,2026.01.21,Confusão degramada boyy
10,2026.01.21,Es simplemente buen cine cuando anne dijo “Él amor no es algo qué nosotros inventamos es obrservable poderoso eso debe significar algo”..  quede verbo to be
10,2026.01.21,GREAT MOVIE. istg
8,2026.01.21,Yes.
10,2026-01-21T07:56:44.695Z,يخبلللللللللل
10,2026.01.20,Quedé :0
10,2026.01.21,sedang membayangkan my kisah setiap ada kicauan burung=di masa depan
10,2026.01.20,I mean
10,2026.01.20,One of those movies that demands a future rewatch
10,2026.01.21,"WOW FILM PALING KREN TOP, MANTEP KY MIE AYAM"
10,2026.01.21,5 Things I Regret the Most  1: I haven’t watched Interstellar until now 2: The 1st thing 3: The 2nd thing 4: The 3rd thing 5: Everything in this review
9,2018.01.20,"Obra de arte, por un segundo quise convertirme en astronauta"
10,2026.01.20,Science go far here
9,2026.01.21,"Absurdo isso aqui pô, estudo física desde os 12 anos e posso afirmar com total certeza que seria a coisa mais linda do mundo ver na realidade. Te amo, Nolan."
10,2026.01.20,"“Love is the one thing we're capable of perceiving that transcends dimensions of time and space.""   I’m naming my first song after you, Christopher Nolan. #daddy"
10,2026.01.21,…
10,2025.12.02,"Å gud, som jeg og mitt indre barn, (som KUN ville bli astronaut eller “forsker på verdenstrommet”) elsker denne filmen her.. Bare alt, fra ekte teorier om realitetene til musikken og klippene. + skuespillerne…så igjen egt alt. Måtte jo vise dette masterpiecet til mor og far🙏🏼🙏🏼 #forblirnr1påtop5🤝🏼 (Reminder: 6. Februar sendes mennesker opp til månen igjen, på over 50 år!! OG rundt/lenger enn vi noen gang har sendt mennesket)"
10,2026.01.20,Holy shit this screenplay is good. Has anybody ever noticed that this film is really well written? The stakes! Michelin star! I remember seeing this at the cinema when I was ten and getting full body chills the first time I heard the score and nothing has changed. Mascara all down my face by the end of it but we expected this. Frat boys sat in front of us were in a similar state of disrepair which was sort of… more
10,2026.01.20,"Favourite movie oat. It’s so insanely cinematographically beautiful, the story is incredible. Watching it a second time was CRAZY the stuff i picked up which i wouldn’t have otherwise is so crazy. It might be the only near 3 hour film which keeps me sat up the whole time, had me holding my breath even when i knew what was gonna happen. So emotional too and the soundtrack is just perfect. The metaphor of gravity for love is beautiful and i do interpret the ending as not literally just wow. FURTHERMORE the acting is just phenomenal too its hands down my favourite film"
10,2026.01.21,corn
10,2026.01.20,Perfect every time
